{
  "sections": [
    [
      "section_0",
      0.0,
      0.0,
      0.0,
      0.0
    ],
    [
      "section_1",
      0.15,
      0.0042499999999999994,
      0.0031249999999999997,
      0.001125
    ],
    [
      "section_2",
      0.18,
      0.006749999999999999,
      0.005399999999999999,
      0.0013499999999999999
    ]
  ],
  "materials": [
    [
      "material_1",
      210000,
      81000
    ],
    [
      "material_2",
      35000,
      14600
    ]
  ],
  "project": "master",
  "grid": {
    "label_x": [
      "A",
      "B",
      "c",
      "D",
      "E",
      "F",
      "G",
      "H"
    ],
    "length_x": [
      8.0,
      8.0,
      1.5,
      5.0,
      1.5,
      8.0,
      8.0
    ],
    "label_y": [
      "1",
      "2",
      "3",
      "4",
      "5",
      "6",
      "7"
    ],
    "length_y": [
      6.0,
      6.0,
      3.0,
      3.0,
      6.0,
      6.0
    ]
  },
  "height": [
    4.5,
    4.5,
    4.5,
    3.0,
    3.0
  ],
  "node_loadcases": [1000.0, 1000.0, 0.0, 0.0, 0.0, 0.0]
}